case_id,patient_uid_hash,pathology_uid_hash,sex,age_at_scan,scan_year,phase,layer,match_status_simplified,label_5,label_5_id,label_5_source,pathology_class_5class,tensor,fold
G0247,b9894ac9f0a56e9571634b3d,cddb999ec9958fb8b322ece3,男,58,2021,薄层静脉期,薄层,matched,胃肠道间质瘤,4,from_pathology_class,胃肠道间质瘤,data/cache_96slice/tensors/G0247.pt,1
G0364,b83f32624f37040f86a2aaab,ecbc69f34ff89ed9868d8cc2,女,67,2023,薄层静脉期,薄层,matched,肉瘤类,0,from_label_4,脂肪肉瘤,data/cache_96slice/tensors/G0364.pt,1
G0026,de0fa33e2d4ebc6f496329c2,ea64cb9dd2e06b5d5dc0524a,男,74,2021,薄层静脉期,薄层,matched,淋巴瘤,3,from_label_4,淋巴瘤,data/cache_96slice/tensors/G0026.pt,1
G0295,3714d92cbfbc13c4c1d919c7,f7d88c44961fd89880797436,男,68,2021,薄层静脉期,薄层,matched,肉瘤类,0,from_label_4,脂肪肉瘤,data/cache_96slice/tensors/G0295.pt,1
G0223,3942624c95d1a1a4bbd47035,821e6e161fcd419cd903d2f2,女,68,2022,薄层静脉期,薄层,matched,PPGL,2,from_pathology_class,嗜铬细胞瘤,data/cache_96slice/tensors/G0223.pt,1
G0118,b20347b9f789d974cb1affa7,5b147b18a2aeab3da03e74a9,女,65,2022,薄层静脉期,薄层,matched,PPGL,2,from_label_4,副神经节瘤,data/cache_96slice/tensors/G0118.pt,1
G0373,997b40f303a4c1dfd17bdc32,52733fe656210b03eaee833b,男,68,2024,薄层静脉期,薄层,matched,肉瘤类,0,from_label_4,脂肪肉瘤,data/cache_96slice/tensors/G0373.pt,1
G0358,900ddf4412ca5afd1ab1cb1e,245578e1bc94532bc088b411,男,53,2022,薄层静脉期,薄层,matched,肉瘤类,0,from_label_4,脂肪肉瘤,data/cache_96slice/tensors/G0358.pt,1
G0237,0f2d920969be30f32a81d731,da4b188e27cb47d11f04a221,男,65,2024,薄层静脉期,薄层,matched,PPGL,2,from_pathology_class,嗜铬细胞瘤,data/cache_96slice/tensors/G0237.pt,1
G0008,a425225bbe482b7a43f1f905,c67dcd9f5479264b7fe7ac7d,女,49,2021,薄层静脉期,薄层,matched,淋巴瘤,3,from_label_4,淋巴瘤,data/cache_96slice/tensors/G0008.pt,1
G0027,b014be1d13a6288f3df51642,810c3efc333233bd46d9acbd,女,40,2022,薄层静脉期,薄层,matched,淋巴瘤,3,from_label_4,淋巴瘤,data/cache_96slice/tensors/G0027.pt,1
G0129,9329d65043e2abec0a6a2eaf,c3caa75075fd7b33a6171e14,男,45,2020,薄层静脉期,薄层,matched,PPGL,2,from_label_4,副神经节瘤,data/cache_96slice/tensors/G0129.pt,1
G0010,43b1b6f3030950d1cc82def6,25204805d22bfd72d2064599,男,41,2019,薄层静脉期,薄层,matched,良性神经源性肿瘤,1,from_label_4,神经鞘瘤,data/cache_96slice/tensors/G0010.pt,1
G0230,f9088f64181c43dd167a1ec8,e293bee8644d89f2568a1e40,女,38,2023,薄层静脉期,薄层,matched,PPGL,2,from_pathology_class,嗜铬细胞瘤,data/cache_96slice/tensors/G0230.pt,1
G0050,6a06586b2410e44e4614cb03,c764055b28601048bf2c6178,男,79,2024,薄层静脉期,薄层,matched,淋巴瘤,3,from_label_4,淋巴瘤,data/cache_96slice/tensors/G0050.pt,1
G0345,fe65b7fa688f5f2bdc4d4633,6523f4aca0050c7851361ca7,女,60,2019,薄层静脉期,薄层,matched,肉瘤类,0,from_label_4,脂肪肉瘤,data/cache_96slice/tensors/G0345.pt,1
G0403,ff577c2d87fb4256756b848c,4e19513e463b15de9bb80431,女,61,2024,薄层静脉期,薄层,matched,肉瘤类,0,from_label_4,脂肪肉瘤,data/cache_96slice/tensors/G0403.pt,1
G0086,1dbdb3c21cce1e90ebfb7b5d,b0886cd68cade7b805437358,男,52,2020,薄层静脉期,薄层,matched,淋巴瘤,3,from_label_4,淋巴瘤,data/cache_96slice/tensors/G0086.pt,1
G0142,76b7e66dbbfd3eec5603bfd6,3bfff30dab224e442b73c2c1,男,48,2021,薄层静脉期,薄层,matched,良性神经源性肿瘤,1,from_label_4,神经鞘瘤,data/cache_96slice/tensors/G0142.pt,1
G0347,5aaf72f3cb958f30c80c8159,f23cb26f041b97b4d726050a,男,74,2023,薄层静脉期,薄层,matched,肉瘤类,0,from_label_4,脂肪肉瘤,data/cache_96slice/tensors/G0347.pt,1
G0192,7b1a8ee35b816f89dff4258d,96e33bed843cd6f3a0698522,男,60,2023,薄层静脉期,薄层,matched,良性神经源性肿瘤,1,from_label_4,神经鞘瘤,data/cache_96slice/tensors/G0192.pt,1
G0147,cb9de539726969292376b492,6c3a54a6d53ee808fd841d26,女,47,2018,薄层静脉期,薄层,matched,良性神经源性肿瘤,1,from_label_4,神经鞘瘤,data/cache_96slice/tensors/G0147.pt,1
G0044,d249699a0c493e7970476a2f,0231874c371e2153653bcc22,男,80,2021,薄层静脉期,薄层,matched,淋巴瘤,3,from_label_4,淋巴瘤,data/cache_96slice/tensors/G0044.pt,1
G0380,469316fe48ae14aa48510f2a,c8c040fa941faa2b9bfb87e7,女,48,2024,薄层静脉期,薄层,matched,肉瘤类,0,from_label_4,脂肪肉瘤,data/cache_96slice/tensors/G0380.pt,1
G0406,4301a440bb29f284f14ed497,abebd8396106031f2ebbbba6,男,56,2023,薄层静脉期,薄层,matched,良性神经源性肿瘤,1,from_label_4,节细胞神经瘤,data/cache_96slice/tensors/G0406.pt,1
G0393,175d0109283f65b5423f2e91,5e1248eebecf98c2ca40bbd1,女,60,2021,薄层静脉期,薄层,matched,肉瘤类,0,from_label_4,脂肪肉瘤,data/cache_96slice/tensors/G0393.pt,1
G0079,b09b1a172bc4df9e82242d0e,aec7c443a8b1128fa00109f8,男,64,2017,薄层静脉期,薄层,matched,淋巴瘤,3,from_label_4,淋巴瘤,data/cache_96slice/tensors/G0079.pt,1
G0115,a86aa206cde6cf1bfa802602,3361cc4a7a4a233e8e1797dc,男,60,2024,薄层静脉期,薄层,matched,肉瘤类,0,from_label_4,平滑肌肉瘤,data/cache_96slice/tensors/G0115.pt,1
G0111,f3eca296931a0c4dcfe0a82e,4a77bc90dc346b94325576cc,女,48,2019,薄层静脉期,薄层,matched,肉瘤类,0,from_label_4,平滑肌肉瘤,data/cache_96slice/tensors/G0111.pt,1
G0326,49e4e1b6ebd1b8cdd3be1b16,8c247e4eccbfc0e34270b163,女,43,2023,薄层静脉期,薄层,no_pathology_name_match,肉瘤类,0,WDLPS_manual_match,脂肪肉瘤,data/cache_96slice/tensors/G0326.pt,1
G0387,72c1b9dda36815769bdcf2a7,e1a76a0be86ba63a1f996179,男,53,2024,薄层静脉期,薄层,matched,肉瘤类,0,from_label_4,脂肪肉瘤,data/cache_96slice/tensors/G0387.pt,1
G0003,993f2ea2560ec59b85d214ad,2491d1a6898b17a6499ffd17,男,23,2021,薄层门脉期,薄层,matched,良性神经源性肿瘤,1,from_label_4,节细胞神经瘤,data/cache_96slice/tensors/G0003.pt,1
G0070,60d5d9f86ce9d11e42c28704,2a4f0d2c94c3d1e9642174fb,女,52,2022,薄层静脉期,薄层,matched,淋巴瘤,3,from_label_4,淋巴瘤,data/cache_96slice/tensors/G0070.pt,1
G0404,1d40a5463c7a6d4f527aba88,637bd982f7f1c520722b0551,女,82,2021,薄层静脉期,薄层,matched,肉瘤类,0,from_label_4,脂肪肉瘤,data/cache_96slice/tensors/G0404.pt,1
G0212,5e9c0278dfe49d5168872ef7,1788e78ddd00b32ffff797e8,男,69,2023,薄层静脉期,薄层,matched,PPGL,2,from_pathology_class,嗜铬细胞瘤,data/cache_96slice/tensors/G0212.pt,1
G0249,8fbfa940f458137e0889c9c0,43a58df69ed9d9f2cee9d634,女,72,2021,薄层静脉期,薄层,matched,胃肠道间质瘤,4,from_pathology_class,胃肠道间质瘤,data/cache_96slice/tensors/G0249.pt,1
G0199,d224da50de4fccdeb92093d3,af1e39731a80aba93496e986,女,42,2023,薄层静脉期,薄层,matched,良性神经源性肿瘤,1,from_label_4,神经鞘瘤,data/cache_96slice/tensors/G0199.pt,1
G0225,eb4ef34c37687231038e3284,47e48cffc38ab6b120f4dde9,男,50,2023,薄层静脉期,薄层,matched,PPGL,2,from_pathology_class,嗜铬细胞瘤,data/cache_96slice/tensors/G0225.pt,1
G0048,dbd99aee7d74b2feb64720ce,f66cd483f1109a56d4448a50,男,63,2020,薄层静脉期,薄层,matched,淋巴瘤,3,from_label_4,淋巴瘤,data/cache_96slice/tensors/G0048.pt,1
G0321,cd35daf9b16da037f89cdcea,dce8aa3006c56dc59e536b19,男,70,2022,薄层静脉期,薄层,matched,肉瘤类,0,from_label_4,脂肪肉瘤,data/cache_96slice/tensors/G0321.pt,1
G0415,e97b53c3f35b4db86f33e402,57db9a61779c5ffacbcbe887,男,43,2022,薄层静脉期,薄层,matched,良性神经源性肿瘤,1,from_label_4,节细胞神经瘤,data/cache_96slice/tensors/G0415.pt,1
G0409,400a4588bf00ecd75ba3e2e2,5e642462e759f5b4f9c76ee4,女,36,2024,薄层静脉期,薄层,matched,良性神经源性肿瘤,1,from_label_4,节细胞神经瘤,data/cache_96slice/tensors/G0409.pt,1
G0266,0996ed2c07550a81f50cfce9,135153a342ad7416d4986e2b,女,46,2020,薄层静脉期,薄层,matched,胃肠道间质瘤,4,from_pathology_class,胃肠道间质瘤,data/cache_96slice/tensors/G0266.pt,1
G0381,469316fe48ae14aa48510f2a,c8c040fa941faa2b9bfb87e7,女,66,2023,薄层静脉期,薄层,matched,肉瘤类,0,from_label_4,脂肪肉瘤,data/cache_96slice/tensors/G0381.pt,1
G0414,297e5eb460f9c2b11bb998c7,9c72f2095db80c610849f7a9,女,61,2022,薄层静脉期,薄层,matched,PPGL,2,from_label_4,副神经节瘤,data/cache_96slice/tensors/G0414.pt,1
G0290,7c5c5891389ac7a55c7ea599,b2d1d11be1241ddb51ac9f65,男,51,2020,薄层静脉期,薄层,matched,肉瘤类,0,from_label_4,脂肪肉瘤,data/cache_96slice/tensors/G0290.pt,1
G0169,223be5aef221d358a5950ec8,baf575bec5512928bad0a4d5,女,65,2024,薄层静脉期,薄层,matched,良性神经源性肿瘤,1,from_label_4,神经鞘瘤,data/cache_96slice/tensors/G0169.pt,1
G0040,877a8efa7345381af7b75f2f,aca4f9fe9793eecbed9472ba,女,65,2022,薄层静脉期,薄层,matched,淋巴瘤,3,from_label_4,淋巴瘤,data/cache_96slice/tensors/G0040.pt,1
G0112,33589fb275486c7174c0921b,d9cea99dbedca991436b8d90,女,48,2023,薄层静脉期,薄层,matched,PPGL,2,from_label_4,副神经节瘤,data/cache_96slice/tensors/G0112.pt,1
G0165,6a87ec2484843131454057c9,d8df4a0ee2d89870693c2f45,女,69,2021,薄层静脉期,薄层,matched,良性神经源性肿瘤,1,from_label_4,神经鞘瘤,data/cache_96slice/tensors/G0165.pt,1
